id;saldeb;temps;salact;sexe;exp;catemp;satis1;satis2;satis3;satis4;satis5;age
645;4500;65;8700;Femme;0;Employé stagiaire;Non;Oui;Oui;Oui;Oui;23
675;4800;69;8640;Femme;0;Employé stagiaire;Non;Non;Non;Non;Oui;23,25
714;4980;69;11640;Femme;1,42;Employé stagiaire;Non;Oui;Non;Oui;Oui;23,25
815;4920;69;9180;Homme;,42;Employé  de bureau;Oui;Oui;Non;Oui;Oui;23,33
729;4500;69;9060;Femme;,17;Employé stagiaire;Oui;Non;Non;Oui;Non;23,42
888;4500;69;8160;Femme;0;Employé stagiaire;Oui;Oui;Non;Non;Oui;23,42
1059;4500;68;9120;Femme;,17;Employé stagiaire;Oui;Oui;Non;Non;Oui;23,42
682;4500;66;8160;Femme;0;Employé stagiaire;Non;Oui;Non;Non;Oui;23,58
879;4980;69;12240;Femme;,42;Employé stagiaire;Non;Oui;Non;Non;Oui;23,67
1102;4500;69;9120;Femme;0;Employé stagiaire;Non;Oui;Non;Non;Non;23,67
1108;4500;69;8280;Femme;,17;Employé stagiaire;Non;Oui;Non;Non;Oui;23,67
753;4500;69;8340;Femme;0;Employé stagiaire;Non;Non;Non;Oui;Oui;23,75
790;4620;74;10440;Femme;,17;Employé stagiaire;Non;Non;Non;Non;Oui;24
681;4500;69;8520;Femme;,25;Employé stagiaire;Non;Non;Non;Oui;Oui;24
662;4980;69;9780;Femme;1;Employé stagiaire;Oui;Non;Oui;Non;Oui;24,08
1129;4500;81;9240;Femme;1,08;Employé stagiaire;Non;Oui;Non;Non;Oui;24,08
723;4490;81;11100;Femme;,42;Employé  de bureau;Non;Non;Non;Oui;Oui;24,17
680;4980;69;11160;Femme;0;Employé stagiaire;Oui;Oui;Oui;Oui;Oui;24,17
666;4500;80;8940;Femme;,42;Employé stagiaire;Oui;Non;Non;Non;Oui;24,33
876;4500;80;9360;Femme;0;Employé stagiaire;Non;Oui;Non;Non;Oui;24,33
885;4380;81;9000;Femme;,42;Employé stagiaire;Non;Oui;Non;Non;Non;24,33
981;4860;77;13800;Femme;,33;Employé stagiaire;Non;Non;Non;Non;Non;24,33
1043;4800;79;9780;Femme;,67;Employé stagiaire;Non;Oui;Non;Oui;Oui;24,33
794;4620;77;11100;Homme;1;Employé  de bureau;Non;Oui;Non;Non;Oui;24,42
1064;5100;69;9540;Femme;1,67;Employé stagiaire;Oui;Oui;Non;Non;Oui;24,42
644;4500;80;7860;Femme;,42;Employé stagiaire;Oui;Oui;Non;Non;Oui;24,5
871;4380;81;9240;Femme;0;Employé stagiaire;Non;Non;Non;Oui;Oui;24,5
912;4620;81;10680;Femme;1,5;Employé stagiaire;Oui;Oui;Non;Non;Oui;24,58
955;4800;81;10200;Femme;,92;Employé stagiaire;Oui;Oui;Non;Oui;Oui;24,58
847;4500;77;8520;Femme;0;Employé stagiaire;Oui;Non;Non;Non;Oui;24,67
1054;4380;79;9900;Femme;,42;Employé stagiaire;Oui;Oui;Non;Non;Oui;24,67
890;4560;81;10200;Homme;,75;Employé stagiaire;Oui;Oui;Non;Non;Oui;24,75
648;4800;81;10980;Femme;,75;Employé stagiaire;Non;Oui;Non;Oui;Non;24,75
716;4500;81;10920;Femme;,42;Employé stagiaire;Non;Oui;Non;Non;Oui;24,75
865;4500;80;7980;Femme;,67;Employé  de bureau;Oui;Oui;Non;Non;Oui;24,83
698;4500;81;9060;Femme;0;Employé stagiaire;Oui;Oui;Non;Non;Oui;24,83
809;5100;65;9000;Femme;2;Employé stagiaire;Non;Oui;Non;Non;Oui;24,83
1126;4620;80;8520;Homme;2;Employé  de bureau;Non;Non;Non;Oui;Oui;24,92
701;6600;73;8880;Femme;,58;Employé stagiaire;Oui;Oui;Non;Non;Oui;24,92
941;4380;81;8820;Femme;,75;Employé stagiaire;Oui;Oui;Non;Oui;Oui;24,92
767;5700;65;11400;Homme;1,67;Employé  de bureau;Non;Oui;Non;Oui;Oui;25
724;4500;80;9360;Femme;1,5;Employé stagiaire;Non;Oui;Non;Oui;Oui;25
1076;4380;80;7260;Femme;0;Employé stagiaire;Oui;Oui;Non;Non;Oui;25
746;4380;80;9720;Femme;,67;Employé stagiaire;Oui;Non;Non;Non;Oui;25,08
762;4500;80;11400;Femme;,33;Employé stagiaire;Non;Oui;Non;Non;Oui;25,08
919;4500;81;9960;Femme;0;Employé stagiaire;Non;Oui;Non;Non;Oui;25,08
1012;5700;63;11760;Femme;,75;Employé stagiaire;Oui;Oui;Non;Oui;Oui;25,08
848;5400;66;11880;Femme;2,17;Employé  de bureau;Non;Non;Oui;Non;Oui;25,17
1092;4380;93;9720;Femme;,42;Employé  de bureau;Oui;Non;Non;Oui;Oui;25,25
924;4380;81;7860;Femme;,92;Employé stagiaire;Oui;Oui;Non;Non;Oui;25,25
1119;4440;83;7680;Femme;,58;Employé stagiaire;Non;Oui;Non;Non;Oui;25,25
899;5400;78;12600;Homme;,58;Employé  de bureau;Oui;Oui;Non;Non;Oui;25,42
810;4380;92;9600;Femme;,5;Employé  de bureau;Non;Non;Non;Oui;Non;25,42
834;4380;92;10380;Femme;0;Employé  de bureau;Non;Non;Non;Oui;Oui;25,42
992;4380;83;8160;Femme;,75;Employé  de bureau;Non;Oui;Non;Oui;Oui;25,5
1050;4200;92;11400;Femme;,5;Employé stagiaire;Non;Oui;Non;Non;Oui;25,5
1068;4380;92;8820;Femme;,42;Employé stagiaire;Non;Oui;Non;Non;Oui;25,5
1014;5100;78;10680;Homme;2,08;Employé  de bureau;Non;Non;Non;Non;Oui;25,58
1067;5700;65;12660;Homme;,83;Employé stagiaire;Oui;Non;Non;Oui;Oui;25,58
774;4560;93;11040;Femme;,5;Employé stagiaire;Oui;Non;Non;Oui;Oui;25,58
813;5580;73;9180;Femme;1,83;Employé stagiaire;Non;Non;Non;Non;Non;25,58
651;5400;69;9660;Femme;,58;Employé stagiaire;Non;Oui;Non;Oui;Non;25,75
1004;6120;72;11760;Femme;2,5;Employé stagiaire;Non;Oui;Non;Non;Non;25,75
1100;4380;89;10500;Femme;0;Employé  de bureau;Non;Oui;Non;Non;Non;25,83
691;4200;93;10560;Femme;0;Employé stagiaire;Non;Oui;Non;Oui;Oui;25,83
1011;4500;83;9600;Femme;1,33;Employé stagiaire;Oui;Oui;Non;Oui;Oui;25,83
828;4200;93;9180;Femme;,83;Employé stagiaire;Non;Oui;Oui;Oui;Oui;25,92
1053;4380;93;10020;Femme;,67;Employé  de bureau;Non;Oui;Non;Non;Oui;26,08
801;6000;67;15120;Homme;3;Employé  de bureau;Non;Non;Non;Non;Oui;26,25
781;4500;92;8040;Femme;2;Employé stagiaire;Non;Non;Non;Non;Oui;26,25
803;4800;76;10200;Femme;,58;Employé stagiaire;Non;Oui;Oui;Non;Oui;26,25
705;5220;87;10620;Femme;,92;Employé stagiaire;Non;Non;Non;Oui;Oui;26,33
845;7200;81;16320;Femme;,33;Employé  de bureau;Non;Non;Non;Non;Oui;26,58
947;5160;87;10680;Femme;1,5;Employé  de bureau;Oui;Oui;Non;Non;Oui;26,67
712;6300;70;11760;Homme;1,25;Employé stagiaire;Non;Oui;Non;Oui;Oui;26,83
816;6000;71;11220;Homme;1,25;Employé stagiaire;Non;Oui;Non;Non;Oui;26,83
750;4620;93;11700;Femme;,92;Employé stagiaire;Non;Non;Non;Non;Oui;26,83
818;7800;64;13140;Femme;1,67;Employé stagiaire;Non;Non;Oui;Non;Non;26,83
952;4500;93;9180;Femme;0;Employé stagiaire;Oui;Non;Non;Non;Oui;26,92
877;5100;82;8760;Femme;0;Employé  de bureau;Non;Non;Non;Non;Non;27
883;6600;77;12300;Homme;3,42;Employé  de bureau;Oui;Non;Non;Non;Non;27,08
904;5400;77;11940;Femme;3,17;Employé  de bureau;Oui;Non;Non;Oui;Oui;27,08
970;4440;67;12540;Femme;3,92;Employé stagiaire;Non;Oui;Non;Non;Non;27,08
994;5100;81;11280;Femme;1,58;Employé stagiaire;Oui;Oui;Oui;Oui;Non;27,17
1015;5400;78;9840;Femme;3,92;Employé stagiaire;Oui;Non;Non;Non;Oui;27,17
741;3900;98;8760;Femme;0;Employé  de bureau;Non;Non;Non;Non;Oui;27,25
1071;6300;63;15660;Homme;3,83;Employé stagiaire;Oui;Non;Non;Oui;Oui;27,25
873;6000;76;11664;Femme;1,83;Employé stagiaire;Non;Oui;Non;Non;Oui;27,25
963;5580;88;11400;Femme;2,83;Employé  de bureau;Non;Oui;Non;Oui;Oui;27,33
1091;5400;73;11160;Femme;2,67;Employé stagiaire;Non;Oui;Non;Non;Oui;27,33
1099;5580;72;11520;Femme;1,5;Employé stagiaire;Non;Non;Oui;Oui;Non;27,33
650;5040;96;12420;Homme;1,17;Employé  de bureau;Oui;Oui;Non;Non;Oui;27,42
711;5400;86;13320;Femme;2;Employé  de bureau;Non;Oui;Non;Oui;Oui;27,42
829;6300;66;13416;Homme;3,92;Employé stagiaire;Non;Oui;Non;Non;Oui;27,42
639;4800;84;9900;Femme;3,42;Employé  de bureau;Non;Non;Non;Non;Oui;27,5
957;7200;71;23250;Femme;,92;Cadre stagiaire;Oui;Non;Non;Non;Oui;27,5
1047;5400;91;12660;Homme;1,5;Employé  de bureau;Oui;Non;Non;Non;Oui;27,58
968;6300;76;17364;Homme;1;Employé stagiaire;Non;Oui;Non;Non;Non;27,58
1118;4380;75;9780;Femme;2,67;Employé stagiaire;Non;Non;Non;Non;Oui;27,58
1081;7800;68;17400;Femme;,92;Rédacteur stagiaire;Oui;Oui;Oui;Non;Oui;27,58
1106;6300;64;10560;Homme;2,67;Employé  de bureau;Non;Oui;Non;Non;Oui;27,67
780;5340;88;14220;Femme;2,67;Employé stagiaire;Oui;Oui;Non;Non;Oui;27,67
722;5880;70;10980;Homme;3,42;Employé stagiaire;Non;Oui;Non;Non;Oui;27,83
640;4800;98;11340;Homme;2,17;Employé stagiaire;Non;Oui;Non;Non;Oui;27,83
641;6900;79;16080;Homme;3,17;Employé  de bureau;Oui;Non;Non;Oui;Oui;28
702;8700;65;28000;Homme;1,58;Rédacteur stagiaire;Non;Oui;Non;Non;Non;28
720;4620;93;9660;Femme;0;Employé stagiaire;Oui;Oui;Non;Oui;Oui;28,08
721;5400;88;8940;Femme;2,17;Employé  de bureau;Oui;Oui;Non;Non;Oui;28,17
1086;4800;82;13560;Femme;,92;Employé  de bureau;Non;Oui;Non;Oui;Oui;28,17
771;6000;72;11340;Homme;4;Employé stagiaire;Non;Oui;Non;Non;Oui;28,17
760;7800;78;16140;Homme;1,67;Employé  de bureau;Oui;Oui;Non;Oui;Oui;28,33
840;6600;83;15360;Homme;5,33;Employé  de bureau;Non;Non;Non;Oui;Oui;28,33
889;6300;76;10680;Homme;1,5;Employé stagiaire;Oui;Oui;Non;Non;Non;28,33
710;6600;86;11760;Femme;2;Employé stagiaire;Non;Oui;Non;Non;Oui;28,33
688;4440;97;9600;Femme;6,25;Employé  de bureau;Non;Oui;Non;Non;Oui;28,42
1044;6300;70;10140;Homme;4,67;Employé stagiaire;Non;Non;Non;Oui;Oui;28,42
942;6996;79;17200;Femme;1,67;Rédacteur stagiaire;Non;Non;Non;Oui;Oui;28,42
1097;11496;65;24750;Homme;2,17;Personnel vacataire;Oui;Oui;Non;Oui;Oui;28,42
1090;7200;78;13020;Femme;,5;Employé stagiaire;Non;Non;Non;Non;Oui;28,5
628;8400;81;16080;Homme;,25;Rédacteur stagiaire;Non;Non;Non;Non;Oui;28,5
1022;8400;79;22600;Homme;1;Rédacteur stagiaire;Non;Oui;Non;Oui;Oui;28,5
985;5700;78;10020;Homme;2;Employé  de bureau;Oui;Oui;Oui;Non;Oui;28,67
807;5220;85;10080;Homme;2,42;Employé  de bureau;Non;Oui;Non;Non;Oui;28,67
785;6300;68;12120;Homme;4,58;Employé stagiaire;Non;Non;Non;Non;Oui;28,67
961;6300;66;12108;Homme;6,67;Employé stagiaire;Oui;Oui;Oui;Non;Oui;28,67
661;5760;86;10200;Homme;3,08;Employé stagiaire;Non;Non;Non;Non;Oui;28,67
649;5400;67;14100;Homme;,5;Employé  de bureau;Non;Non;Non;Oui;Oui;28,75
812;6300;67;12480;Homme;3,83;Employé stagiaire;Oui;Oui;Non;Non;Non;28,75
1039;7200;75;14820;Femme;,42;Employé stagiaire;Non;Oui;Oui;Non;Oui;28,75
1056;5400;90;13020;Femme;1,83;Employé stagiaire;Non;Non;Non;Non;Oui;28,75
905;12792;69;26000;Homme;6,17;Rédacteur stagiaire;Non;Oui;Non;Non;Oui;28,83
951;12500;65;36250;Homme;1,5;Personnel vacataire;Oui;Oui;Oui;Oui;Oui;28,83
719;12996;68;24000;Homme;1,42;Cadre stagiaire;Non;Oui;Non;Non;Non;28,83
1120;6000;86;12360;Homme;2,08;Employé  de bureau;Oui;Non;Non;Oui;Oui;29
1051;7992;64;22300;Femme;3;Rédacteur stagiaire;Oui;Non;Non;Oui;Non;29
836;6000;83;11640;Homme;4,17;Employé  de bureau;Non;Oui;Non;Non;Oui;29,08
755;4800;87;11100;Femme;,92;Employé  de bureau;Non;Oui;Non;Oui;Oui;29,08
1007;6300;70;11940;Homme;4;Employé stagiaire;Non;Non;Non;Non;Oui;29,08
1110;5580;64;10080;Femme;4,75;Employé stagiaire;Non;Non;Non;Oui;Oui;29,08
822;5820;93;8760;Homme;3,42;Employé  de bureau;Non;Non;Oui;Oui;Oui;29,17
932;12792;79;26750;Homme;2,5;Employé  de bureau;Oui;Oui;Non;Non;Oui;29,17
1077;3900;94;9000;Homme;3;Employé stagiaire;Oui;Non;Non;Oui;Oui;29,17
980;6300;82;9300;Femme;,33;Employé stagiaire;Oui;Oui;Non;Oui;Oui;29,17
827;6000;66;12300;Homme;4,67;Employé  de bureau;Oui;Non;Non;Oui;Oui;29,25
793;5700;90;12660;Femme;4;Employé  de bureau;Non;Non;Non;Non;Oui;29,25
863;7200;75;13200;Femme;2,17;Employé stagiaire;Non;Oui;Non;Non;Oui;29,25
694;6000;86;10620;Homme;3,17;Employé  de bureau;Non;Oui;Non;Oui;Oui;29,33
880;5700;95;9300;Homme;3,83;Employé stagiaire;Non;Non;Non;Oui;Oui;29,33
789;6300;67;12780;Homme;4,83;Employé stagiaire;Non;Oui;Non;Oui;Non;29,33
982;7800;65;17460;Homme;1,58;Rédacteur stagiaire;Non;Non;Non;Non;Oui;29,42
764;8160;84;15000;Homme;2,75;Employé  de bureau;Non;Non;Non;Non;Non;29,5
802;6000;97;16320;Homme;2;Employé  de bureau;Non;Non;Oui;Oui;Oui;29,5
786;6300;82;32000;Homme;2,83;Employé stagiaire;Oui;Oui;Non;Oui;Oui;29,5
1028;5400;94;10560;Femme;,25;Employé stagiaire;Non;Oui;Non;Oui;Oui;29,5
637;12996;80;27250;Homme;2,42;Rédacteur stagiaire;Oui;Oui;Non;Non;Oui;29,5
797;13200;68;24500;Homme;,75;Personnel vacataire;Oui;Non;Non;Non;Oui;29,5
715;6000;84;15540;Homme;4,42;Employé  de bureau;Oui;Non;Non;Non;Oui;29,58
1088;6000;66;12960;Homme;5,33;Employé  de bureau;Oui;Oui;Non;Non;Oui;29,58
965;8700;79;33500;Homme;1;Rédacteur stagiaire;Non;Non;Non;Non;Oui;29,58
1001;8496;74;18900;Homme;3,75;Personnel vacataire;Non;Oui;Non;Oui;Oui;29,58
1041;8496;77;17950;Homme;1,83;Employé  de bureau;Non;Oui;Non;Oui;Oui;29,67
799;6300;64;10500;Homme;5,75;Employé  de bureau;Non;Non;Non;Non;Oui;29,67
686;7200;93;21600;Femme;,92;Employé  de bureau;Non;Oui;Non;Oui;Oui;29,67
931;5700;96;14460;Homme;6,92;Employé stagiaire;Non;Oui;Non;Non;Oui;29,67
782;6300;82;12060;Homme;6;Employé  de bureau;Non;Oui;Non;Non;Oui;29,75
959;6300;77;10500;Homme;3,17;Employé  de bureau;Non;Non;Non;Oui;Oui;29,75
860;12300;78;26000;Homme;2,17;Rédacteur stagiaire;Non;Oui;Non;Non;Non;29,75
896;8496;93;18400;Homme;2,92;Rédacteur stagiaire;Oui;Oui;Non;Oui;Oui;29,75
856;6600;67;11760;Homme;5,67;Employé  de bureau;Oui;Non;Non;Non;Oui;29,92
1084;6000;78;10740;Homme;4;Employé  de bureau;Non;Oui;Non;Non;Oui;29,92
626;5400;88;10680;Homme;3,17;Employé  de bureau;Non;Non;Non;Non;Oui;29,92
943;6300;90;15120;Femme;,58;Rédacteur stagiaire;Oui;Non;Non;Non;Oui;29,92
909;6600;66;16140;Homme;6,67;Employé  de bureau;Non;Oui;Non;Non;Oui;30
1103;6300;82;11940;Homme;7,08;Employé stagiaire;Non;Oui;Non;Non;Oui;30,08
937;7200;71;14640;Femme;1;Employé stagiaire;Non;Non;Non;Oui;Oui;30,08
706;12804;78;27250;Homme;2,92;Rédacteur stagiaire;Non;Non;Non;Non;Oui;30,08
1093;6600;73;14280;Homme;6;Employé  de bureau;Oui;Oui;Non;Non;Oui;30,17
1087;5700;82;10260;Femme;4,25;Employé  de bureau;Non;Oui;Oui;Non;Oui;30,17
929;6900;80;13800;Femme;,25;Employé stagiaire;Non;Oui;Non;Non;Oui;30,17
709;10992;91;31300;Homme;3,92;Rédacteur stagiaire;Non;Non;Oui;Non;Non;30,17
707;13992;83;27000;Homme;,75;Personnel vacataire;Non;Oui;Non;Non;Oui;30,17
908;6000;82;10140;Homme;2,67;Employé  de bureau;Oui;Oui;Non;Oui;Non;30,25
814;5700;77;10260;Femme;5,33;Employé  de bureau;Oui;Oui;Non;Oui;Oui;30,25
859;8700;84;23500;Homme;1,08;Rédacteur stagiaire;Non;Oui;Non;Non;Oui;30,25
960;8592;93;18100;Homme;3;Rédacteur stagiaire;Oui;Oui;Oui;Oui;Oui;30,25
747;6000;91;12180;Homme;4,08;Employé  de bureau;Oui;Oui;Oui;Oui;Oui;30,33
792;6000;87;10680;Homme;4,67;Employé  de bureau;Non;Non;Non;Oui;Oui;30,33
745;5700;96;13020;Homme;3,58;Employé stagiaire;Oui;Oui;Non;Non;Oui;30,33
821;6600;79;11100;Homme;4,58;Employé stagiaire;Oui;Oui;Non;Non;Oui;30,33
911;6300;91;15960;Homme;4,92;Employé stagiaire;Non;Non;Non;Non;Oui;30,33
1038;6000;79;11160;Homme;3,92;Employé stagiaire;Non;Oui;Oui;Oui;Oui;30,33
875;6000;94;18060;Homme;3,33;Employé  de bureau;Oui;Oui;Non;Oui;Oui;30,42
984;6000;78;10380;Homme;4,42;Employé  de bureau;Non;Non;Non;Non;Oui;30,42
1124;6300;94;13560;Homme;6,5;Employé stagiaire;Non;Oui;Non;Non;Oui;30,42
1063;6600;90;15420;Femme;0;Employé stagiaire;Non;Oui;Non;Non;Oui;30,42
1116;6300;68;12780;Homme;5,83;Employé  de bureau;Non;Oui;Non;Non;Oui;30,5
849;4500;96;12540;Femme;4,33;Employé  de bureau;Oui;Oui;Non;Non;Oui;30,5
1023;6000;97;15540;Femme;1,42;Employé  de bureau;Oui;Oui;Non;Non;Oui;30,58
858;5640;90;10080;Femme;4,58;Employé  de bureau;Oui;Non;Non;Oui;Oui;30,67
787;6000;81;10620;Homme;4,33;Employé stagiaire;Oui;Non;Non;Non;Oui;30,67
1009;6600;79;13560;Homme;7,83;Employé stagiaire;Non;Oui;Non;Non;Oui;30,67
759;8400;93;21250;Homme;4;Rédacteur stagiaire;Non;Oui;Non;Oui;Oui;30,67
901;8100;66;13980;Homme;4,58;Employé  de bureau;Non;Non;Non;Non;Oui;30,75
643;6600;66;11220;Homme;7;Employé  de bureau;Non;Oui;Non;Non;Oui;30,75
1111;6600;67;10860;Homme;6,5;Employé stagiaire;Oui;Non;Non;Oui;Oui;30,75
669;13500;81;22200;Homme;5,17;Rédacteur stagiaire;Oui;Oui;Oui;Oui;Oui;30,75
1030;7800;65;13764;Femme;6,58;Rédacteur stagiaire;Oui;Non;Non;Non;Oui;30,75
962;5700;95;11700;Homme;4,17;Employé  de bureau;Non;Non;Non;Oui;Oui;30,83
874;7800;86;21060;Homme;1,67;Employé  de bureau;Non;Oui;Non;Non;Oui;30,92
946;7200;77;13800;Homme;5,25;Employé  de bureau;Oui;Non;Non;Non;Oui;30,92
830;6600;83;15840;Homme;3,92;Employé  de bureau;Non;Oui;Non;Non;Oui;31
727;6000;87;14100;Homme;4,5;Employé  de bureau;Oui;Non;Non;Non;Oui;31
632;10200;83;21960;Homme;4,08;Personnel vacataire;Non;Oui;Non;Non;Oui;31,08
842;6840;92;10380;Homme;3,5;Employé  de bureau;Non;Oui;Non;Oui;Oui;31,17
633;8700;93;19200;Homme;1,83;Rédacteur stagiaire;Non;Oui;Non;Oui;Oui;31,17
1101;12600;81;30000;Homme;1,08;Rédacteur stagiaire;Oui;Non;Non;Non;Oui;31,17
806;7800;68;14400;Homme;1,75;Employé  de bureau;Oui;Non;Non;Oui;Oui;31,25
868;6000;94;14220;Homme;4;Employé  de bureau;Non;Oui;Non;Non;Oui;31,25
938;11496;92;29000;Homme;,83;Rédacteur stagiaire;Non;Non;Non;Non;Oui;31,33
878;6300;89;12600;Homme;1,83;Employé  de bureau;Non;Oui;Oui;Oui;Oui;31,42
731;6600;85;11400;Femme;5,75;Employé  de bureau;Non;Oui;Non;Non;Oui;31,5
987;5820;93;13920;Femme;,67;Employé  de bureau;Non;Non;Non;Non;Oui;31,5
765;6000;87;11040;Homme;6,25;Employé stagiaire;Non;Oui;Non;Non;Non;31,5
1114;6600;90;12120;Homme;1,33;Employé  de bureau;Non;Non;Non;Non;Non;31,67
837;12000;93;31250;Homme;,58;Rédacteur stagiaire;Oui;Oui;Non;Non;Oui;31,67
1082;11796;91;36500;Homme;1,92;Rédacteur stagiaire;Non;Oui;Non;Non;Oui;31,67
966;5700;97;18400;Homme;4;Employé  de bureau;Non;Non;Non;Oui;Oui;31,75
1020;5700;97;16920;Homme;8,58;Employé  de bureau;Oui;Oui;Non;Oui;Oui;31,75
1046;8100;93;16440;Homme;2,25;Employé  de bureau;Oui;Non;Non;Non;Oui;31,75
983;6300;91;10980;Homme;4;Employé stagiaire;Oui;Oui;Oui;Oui;Oui;31,75
734;5400;97;10920;Homme;5,5;Employé  de bureau;Non;Oui;Non;Non;Oui;31,92
844;6600;64;13560;Homme;8,83;Employé stagiaire;Non;Oui;Oui;Oui;Oui;31,92
891;6000;96;12540;Homme;4,08;Employé stagiaire;Oui;Oui;Non;Oui;Oui;31,92
659;13200;64;19020;Homme;2,25;Personnel vacataire;Oui;Oui;Non;Non;Oui;31,92
866;12000;73;22700;Femme;1,25;Personnel vacataire;Non;Oui;Non;Non;Oui;31,92
1040;5400;94;10740;Homme;,42;Employé  de bureau;Non;Oui;Non;Non;Oui;32
663;6900;85;14280;Femme;1,58;Employé stagiaire;Oui;Non;Oui;Oui;Non;32
1032;6900;86;18750;Femme;1,58;Rédacteur stagiaire;Non;Oui;Non;Non;Oui;32
1048;6300;67;13560;Homme;8;Employé  de bureau;Oui;Oui;Non;Oui;Oui;32,08
978;8220;66;19600;Homme;7,17;Employé  de bureau;Non;Oui;Non;Non;Non;32,08
1104;4620;96;9420;Femme;4,33;Employé  de bureau;Oui;Non;Non;Oui;Oui;32,08
1089;12000;96;32500;Homme;1,5;Rédacteur stagiaire;Non;Non;Non;Oui;Oui;32,08
910;11496;70;31400;Homme;5,58;Rédacteur stagiaire;Non;Non;Non;Non;Oui;32,08
979;6000;96;16800;Homme;5,67;Employé stagiaire;Oui;Oui;Non;Non;Oui;32,17
1109;5640;90;13380;Homme;7,08;Employé  de bureau;Non;Non;Non;Non;Oui;32,25
977;9300;86;18250;Homme;5;Rédacteur stagiaire;Oui;Oui;Non;Oui;Non;32,25
1027;10992;92;27500;Homme;,67;Rédacteur stagiaire;Oui;Non;Non;Non;Oui;32,25
903;5700;96;12480;Homme;4,5;Employé  de bureau;Oui;Oui;Non;Non;Oui;32,33
657;10500;93;22000;Homme;2,67;Rédacteur stagiaire;Non;Non;Non;Non;Oui;32,33
1058;7200;93;20400;Femme;1,83;Employé  de bureau;Oui;Oui;Non;Non;Non;32,5
843;6300;92;12660;Homme;5,33;Employé stagiaire;Non;Oui;Non;Non;Oui;32,5
671;6900;72;10380;Homme;6,92;Employé  de bureau;Non;Oui;Non;Non;Non;32,67
703;5700;94;11220;Homme;3;Employé  de bureau;Oui;Oui;Non;Non;Non;32,67
895;4800;72;9900;Femme;5,67;Employé stagiaire;Non;Oui;Non;Non;Oui;32,67
872;8796;76;19500;Homme;5,08;Rédacteur stagiaire;Non;Oui;Non;Non;Oui;32,67
916;6300;66;9780;Femme;7,25;Employé  de bureau;Non;Oui;Non;Non;Oui;32,83
934;6600;90;15120;Homme;5;Employé stagiaire;Non;Non;Non;Non;Oui;32,83
687;6300;68;12120;Homme;12,92;Agent de sécurité;Oui;Oui;Non;Non;Oui;32,92
726;13200;78;29400;Homme;3,75;Rédacteur stagiaire;Oui;Oui;Oui;Non;Oui;32,92
738;7500;81;21750;Femme;6,75;Rédacteur stagiaire;Oui;Non;Non;Non;Oui;32,92
850;6600;83;13260;Homme;5,75;Employé stagiaire;Non;Oui;Non;Non;Oui;33,08
892;7800;81;20220;Homme;3,67;Employé  de bureau;Non;Oui;Non;Non;Non;33,33
1033;6000;94;10800;Homme;10;Employé stagiaire;Non;Oui;Non;Non;Oui;33,42
1037;10000;93;22620;Homme;2,83;Personnel vacataire;Non;Oui;Non;Non;Oui;33,42
653;6300;84;15720;Homme;6;Employé  de bureau;Oui;Non;Non;Non;Oui;33,5
752;6000;77;11100;Homme;4,33;Employé  de bureau;Non;Oui;Non;Non;Oui;33,5
1080;6000;96;14400;Homme;3,83;Employé  de bureau;Non;Oui;Non;Non;Oui;33,5
852;5760;91;10080;Femme;6,92;Employé  de bureau;Oui;Oui;Oui;Non;Non;33,5
1052;5700;98;11100;Homme;2,83;Employé stagiaire;Non;Oui;Non;Oui;Oui;33,67
751;6600;95;14040;Homme;7,5;Employé  de bureau;Oui;Non;Non;Oui;Non;33,75
870;9000;91;24250;Homme;3,67;Rédacteur stagiaire;Non;Oui;Non;Oui;Non;33,75
744;5100;85;9600;Femme;4,92;Employé  de bureau;Non;Oui;Non;Non;Oui;33,83
725;6000;78;10620;Homme;8,75;Employé stagiaire;Non;Oui;Non;Non;Oui;33,83
769;9492;94;24000;Homme;4,92;Rédacteur stagiaire;Non;Non;Non;Non;Oui;34
1021;6600;69;12060;Homme;9,17;Employé  de bureau;Oui;Non;Non;Non;Oui;34,17
642;5700;88;10620;Femme;5,08;Employé  de bureau;Non;Non;Non;Non;Non;34,17
685;11004;89;27500;Homme;3,17;Rédacteur stagiaire;Non;Oui;Non;Non;Oui;34,17
882;5640;92;9660;Homme;10,83;Employé  de bureau;Non;Oui;Non;Non;Non;34,25
778;18000;66;34500;Homme;4,17;Personnel technique;Oui;Oui;Non;Oui;Oui;34,25
766;10992;90;21950;Homme;5,67;Rédacteur stagiaire;Non;Oui;Non;Non;Oui;34,33
930;14004;91;38800;Homme;5,67;Personnel vacataire;Non;Non;Non;Oui;Oui;34,33
1065;17004;65;30000;Homme;4,5;Cadre stagiaire;Oui;Oui;Non;Non;Oui;34,5
820;6300;70;9600;Homme;10;Employé  de bureau;Non;Non;Non;Non;Non;34,58
922;6000;94;12360;Homme;8,5;Employé stagiaire;Oui;Oui;Non;Oui;Non;34,58
1017;6900;75;10920;Homme;11;Employé  de bureau;Oui;Oui;Non;Oui;Oui;34,67
1123;6900;83;10920;Homme;7,58;Employé  de bureau;Non;Oui;Non;Oui;Non;34,75
1112;6300;89;10800;Homme;7,25;Employé  de bureau;Oui;Oui;Non;Oui;Oui;34,83
1117;12996;69;26750;Homme;6,75;Cadre stagiaire;Oui;Oui;Non;Non;Oui;34,92
1070;5400;98;12840;Homme;5,58;Employé  de bureau;Non;Non;Oui;Non;Oui;35
696;10992;83;20500;Homme;5,75;Personnel vacataire;Oui;Oui;Non;Non;Oui;35,17
693;6300;76;11820;Homme;12;Agent de sécurité;Non;Oui;Non;Non;Oui;35,25
948;17640;66;40000;Homme;10,67;Personnel vacataire;Non;Non;Non;Non;Oui;35,33
756;10200;78;16020;Homme;11,08;Personnel vacataire;Oui;Oui;Non;Non;Non;35,42
996;13992;75;25000;Homme;6,17;Personnel vacataire;Non;Oui;Non;Non;Non;35,42
838;12000;89;23750;Homme;,5;Personnel vacataire;Oui;Oui;Non;Non;Oui;35,58
757;7500;98;16080;Homme;3;Employé  de bureau;Oui;Oui;Non;Non;Oui;35,67
736;6600;94;13920;Homme;7,75;Employé stagiaire;Non;Oui;Non;Non;Non;36
1026;14016;67;28000;Homme;6,25;Personnel vacataire;Oui;Oui;Non;Non;Oui;36,92
1005;11004;97;41500;Homme;5,83;Personnel vacataire;Non;Non;Non;Non;Oui;37,08
1094;7500;98;14400;Homme;9,5;Employé  de bureau;Non;Non;Non;Non;Oui;37,17
730;6000;90;10980;Homme;14,42;Employé stagiaire;Oui;Oui;Non;Non;Non;37,5
1061;6000;92;12000;Homme;12;Agent de sécurité;Non;Non;Non;Non;Oui;37,83
1105;13992;67;26500;Homme;8,25;Cadre stagiaire;Non;Oui;Non;Non;Oui;38
956;5100;84;10560;Femme;3;Employé  de bureau;Oui;Oui;Non;Non;Oui;38,17
740;7800;83;11736;Homme;12,5;Employé  de bureau;Oui;Non;Non;Non;Oui;38,42
997;8400;98;18000;Homme;11,5;Employé  de bureau;Oui;Oui;Non;Oui;Oui;38,5
846;6300;73;12480;Homme;12,92;Agent de sécurité;Oui;Oui;Non;Oui;Oui;38,67
777;9492;78;15480;Homme;14,67;Personnel vacataire;Oui;Non;Non;Non;Non;38,92
1122;5220;70;8340;Femme;10,58;Employé  de bureau;Non;Oui;Non;Oui;Oui;39
927;6000;87;10320;Homme;11,92;Employé  de bureau;Non;Oui;Non;Non;Oui;39,33
735;10992;96;24150;Homme;8;Rédacteur stagiaire;Oui;Oui;Non;Oui;Non;39,33
920;14496;78;20580;Homme;12,42;Personnel vacataire;Non;Non;Non;Non;Oui;39,42
629;5400;96;11640;Homme;9,42;Employé  de bureau;Oui;Oui;Non;Non;Oui;39,5
887;10500;94;29500;Homme;4,67;Rédacteur stagiaire;Oui;Oui;Non;Non;Oui;39,67
1003;10500;87;16920;Homme;10,5;Rédacteur stagiaire;Non;Oui;Non;Non;Oui;39,67
973;18000;96;44250;Homme;10;Personnel technique;Non;Non;Non;Non;Oui;39,67
704;13992;65;22000;Homme;10,75;Personnel vacataire;Oui;Oui;Non;Oui;Oui;39,75
1002;7200;72;14280;Homme;11,5;Employé  de bureau;Non;Oui;Non;Oui;Oui;39,83
1029;6900;89;10920;Homme;14,58;Employé  de bureau;Non;Oui;Non;Oui;Oui;40,08
673;4800;76;8820;Femme;,5;Employé  de bureau;Non;Oui;Non;Oui;Oui;40,17
630;24000;73;41400;Homme;12,5;Personnel vacataire;Non;Non;Non;Oui;Oui;40,33
976;6000;86;11940;Femme;6,58;Employé  de bureau;Oui;Non;Non;Non;Oui;40,5
773;7800;92;16080;Homme;14;Employé  de bureau;Oui;Non;Non;Non;Oui;40,58
733;6000;69;9720;Femme;10,08;Employé  de bureau;Oui;Oui;Oui;Non;Oui;40,67
857;7200;65;11520;Homme;17,5;Employé stagiaire;Non;Non;Oui;Oui;Oui;41
658;10800;98;22800;Homme;12;Personnel vacataire;Non;Oui;Non;Oui;Oui;41,17
717;12996;75;22000;Homme;10,42;Personnel vacataire;Non;Oui;Non;Non;Oui;41,17
634;6996;67;13320;Homme;10;Employé  de bureau;Non;Non;Non;Non;Oui;41,67
914;7200;91;11340;Homme;12,58;Employé  de bureau;Oui;Oui;Non;Non;Oui;41,92
635;17400;83;28350;Homme;13;Personnel vacataire;Oui;Non;Non;Non;Oui;41,92
667;4800;77;9000;Femme;5,25;Employé  de bureau;Non;Non;Non;Non;Oui;42,08
1049;6000;90;9720;Homme;15,92;Agent de sécurité;Oui;Non;Non;Oui;Oui;42,17
893;5100;87;10020;Femme;10,25;Employé  de bureau;Oui;Oui;Non;Non;Oui;42,33
808;18996;86;26400;Homme;12,5;Personnel vacataire;Oui;Oui;Non;Oui;Oui;42,42
925;9300;88;17580;Homme;15,17;Employé  de bureau;Non;Oui;Non;Non;Oui;42,58
993;14700;80;24750;Homme;16,58;Personnel vacataire;Oui;Non;Non;Non;Oui;42,58
697;16992;85;27700;Homme;11,17;Personnel technique;Oui;Oui;Non;Non;Oui;43,25
737;7992;84;14400;Femme;20;Employé  de bureau;Non;Oui;Non;Oui;Oui;43,33
775;6000;83;11580;Homme;9;Employé  de bureau;Non;Oui;Non;Non;Oui;43,42
1079;6000;90;12300;Homme;17,42;Agent de sécurité;Oui;Oui;Non;Non;Oui;43,67
1085;6600;98;12120;Femme;11,92;Employé stagiaire;Oui;Oui;Non;Oui;Non;43,92
991;4020;92;9840;Femme;3,67;Employé  de bureau;Non;Non;Non;Non;Oui;44
783;11100;82;13848;Homme;12,42;Employé  de bureau;Oui;Non;Non;Oui;Non;44,42
824;5400;66;9540;Femme;10,17;Employé  de bureau;Non;Non;Non;Non;Oui;44,5
708;6600;70;9000;Homme;18;Employé stagiaire;Oui;Oui;Non;Non;Oui;44,5
1062;6000;90;13320;Femme;,25;Employé stagiaire;Non;Non;Oui;Non;Oui;44,5
636;5100;84;7860;Homme;15;Employé  de bureau;Oui;Oui;Non;Non;Oui;44,58
668;6600;83;12240;Homme;18;Employé  de bureau;Non;Non;Oui;Non;Non;44,67
795;6720;98;14040;Femme;11,42;Employé  de bureau;Non;Oui;Non;Oui;Non;44,83
998;15996;96;36800;Homme;14,58;Personnel vacataire;Non;Non;Non;Non;Oui;44,92
900;5700;74;9780;Femme;9,75;Employé  de bureau;Non;Non;Non;Oui;Oui;45,17
742;5400;64;9360;Femme;16,5;Employé stagiaire;Non;Oui;Non;Non;Oui;45,5
972;6000;91;12300;Homme;20;Agent de sécurité;Oui;Oui;Non;Oui;Oui;45,5
907;10992;80;20850;Homme;18,42;Personnel vacataire;Non;Oui;Non;Non;Oui;45,67
665;4080;72;8580;Femme;16,17;Employé  de bureau;Non;Oui;Oui;Non;Non;45,92
1075;13992;93;33000;Homme;17,25;Personnel technique;Non;Non;Oui;Oui;Oui;46
788;5100;66;9660;Femme;8;Employé  de bureau;Oui;Oui;Non;Non;Oui;46,17
990;6000;88;12360;Homme;21;Employé  de bureau;Non;Non;Oui;Oui;Oui;46,25
660;5640;94;12300;Homme;20;Agent de sécurité;Non;Non;Non;Oui;Oui;46,25
646;5280;98;8760;Femme;15,83;Employé  de bureau;Non;Non;Non;Non;Oui;46,42
718;5520;82;9600;Femme;8,08;Employé  de bureau;Non;Oui;Non;Oui;Oui;46,5
647;4080;72;6960;Femme;9,67;Employé  de bureau;Non;Oui;Non;Oui;Non;46,5
690;7200;79;11460;Homme;21,75;Employé  de bureau;Oui;Oui;Oui;Non;Oui;46,58
695;5700;93;9900;Femme;16,08;Employé  de bureau;Non;Oui;Non;Non;Non;46,58
1006;6300;67;12000;Homme;25,42;Agent de sécurité;Oui;Oui;Non;Oui;Oui;47,25
689;7200;70;10800;Homme;16;Employé  de bureau;Non;Oui;Non;Non;Non;47,33
989;5400;98;9600;Femme;20,33;Employé  de bureau;Non;Non;Non;Non;Non;47,33
954;5100;98;11160;Femme;9,58;Employé  de bureau;Non;Oui;Non;Non;Oui;47,58
971;4800;84;9240;Femme;17,83;Employé  de bureau;Non;Oui;Non;Non;Oui;47,58
1072;4500;73;8220;Femme;12,83;Employé stagiaire;Oui;Non;Non;Non;Oui;47,92
798;3900;90;7860;Femme;19,08;Employé  de bureau;Non;Oui;Non;Non;Non;48
811;13500;74;23760;Homme;22,67;Personnel vacataire;Non;Oui;Non;Non;Oui;48,25
928;12996;77;20000;Homme;22;Personnel vacataire;Non;Oui;Oui;Non;Oui;48,33
676;6300;79;13800;Homme;20,5;Agent de sécurité;Non;Non;Oui;Oui;Oui;48,5
677;5400;78;10320;Femme;4,25;Employé  de bureau;Non;Non;Non;Non;Oui;48,67
1073;6000;83;12300;Homme;25,17;Agent de sécurité;Non;Oui;Non;Non;Oui;48,83
915;5400;72;9420;Femme;4,08;Employé  de bureau;Oui;Oui;Non;Non;Non;49,08
862;4800;73;9240;Femme;19;Employé  de bureau;Oui;Oui;Non;Non;Oui;49,17
779;31992;96;54000;Homme;16,58;Personnel technique;Oui;Oui;Oui;Non;Oui;49,58
950;21000;83;26700;Homme;21,5;Personnel technique;Oui;Oui;Non;Non;Oui;49,92
1095;5580;69;7860;Femme;11,08;Employé  de bureau;Non;Oui;Non;Non;Oui;50
988;4800;79;8340;Femme;5,83;Employé  de bureau;Oui;Oui;Non;Non;Non;50,17
835;5400;65;8640;Femme;14,42;Employé  de bureau;Oui;Oui;Oui;Non;Non;50,25
1019;6000;83;13500;Homme;23,67;Agent de sécurité;Non;Non;Non;Oui;Oui;50,25
936;5400;72;10440;Femme;14,08;Employé  de bureau;Non;Oui;Non;Non;Oui;50,33
1121;4080;85;7380;Femme;19;Employé  de bureau;Non;Non;Non;Non;Non;51
902;4260;74;9480;Femme;23,42;Employé  de bureau;Oui;Oui;Non;Oui;Oui;51,17
638;6420;67;10500;Homme;8,08;Employé  de bureau;Non;Oui;Non;Non;Oui;51,42
800;4080;82;8940;Femme;4;Employé  de bureau;Non;Oui;Non;Non;Oui;51,42
935;4080;72;6780;Femme;22,58;Employé  de bureau;Non;Oui;Non;Oui;Oui;51,5
940;4080;81;6840;Femme;0;Employé  de bureau;Non;Non;Non;Non;Oui;51,5
1078;5400;67;8340;Femme;15,08;Employé stagiaire;Non;Oui;Non;Non;Non;51,5
770;4800;75;9780;Femme;12;Employé  de bureau;Non;Non;Non;Oui;Non;51,58
1010;3600;97;8460;Femme;14,25;Employé  de bureau;Oui;Oui;Non;Non;Oui;51,58
732;7500;68;10080;Femme;28,67;Employé  de bureau;Oui;Non;Non;Oui;Non;51,92
772;6120;78;9360;Femme;17,42;Employé  de bureau;Oui;Oui;Non;Oui;Oui;52
945;3900;86;8760;Femme;13;Employé  de bureau;Non;Non;Non;Non;Oui;52
949;4080;72;7980;Femme;4,67;Employé  de bureau;Oui;Oui;Non;Oui;Non;52,17
851;5400;70;8400;Femme;6,83;Employé  de bureau;Non;Non;Non;Non;Non;52,33
758;9996;89;16620;Femme;23,75;Personnel vacataire;Oui;Oui;Non;Non;Oui;52,5
652;6300;77;12300;Homme;26,42;Agent de sécurité;Non;Non;Non;Oui;Oui;52,92
654;5100;97;8700;Homme;26,25;Employé  de bureau;Non;Oui;Non;Oui;Oui;53,08
627;5100;95;8940;Femme;13,75;Employé  de bureau;Oui;Oui;Non;Non;Non;53,33
926;3600;91;12300;Homme;26,17;Agent de sécurité;Non;Non;Oui;Oui;Oui;53,5
906;4620;97;10500;Femme;4;Employé  de bureau;Oui;Non;Non;Oui;Oui;53,92
1069;4800;87;8340;Femme;13,58;Employé  de bureau;Non;Oui;Non;Oui;Oui;53,92
1128;4080;82;6900;Femme;29,83;Employé  de bureau;Non;Oui;Non;Non;Oui;53,92
1042;6300;73;15060;Femme;11;Employé  de bureau;Oui;Non;Non;Non;Oui;54,08
1098;4080;85;10980;Femme;8,42;Employé  de bureau;Non;Oui;Non;Non;Oui;54,17
939;6300;79;12000;Homme;25,67;Agent de sécurité;Oui;Oui;Oui;Non;Oui;54,17
656;6000;88;8880;Homme;27;Employé  de bureau;Non;Oui;Non;Non;Oui;54,33
1031;5280;88;9780;Femme;8,92;Employé  de bureau;Oui;Oui;Non;Non;Non;54,42
967;6000;78;8940;Homme;26,67;Employé  de bureau;Non;Non;Non;Oui;Oui;54,92
831;4080;85;6840;Femme;6;Employé  de bureau;Oui;Non;Non;Non;Oui;55
699;6300;84;10860;Femme;19,25;Employé  de bureau;Non;Non;Non;Non;Oui;55,17
700;6600;95;12000;Femme;19;Employé  de bureau;Oui;Oui;Non;Non;Oui;55,25
832;4080;74;6360;Femme;3,58;Employé  de bureau;Non;Oui;Non;Non;Oui;55,25
1013;6300;78;14100;Homme;23,42;Agent de sécurité;Oui;Non;Non;Non;Non;55,33
754;3900;92;6480;Femme;0;Employé  de bureau;Oui;Non;Non;Oui;Oui;55,5
1045;6240;85;10500;Homme;14,25;Employé  de bureau;Non;Non;Non;Non;Oui;55,58
728;5700;76;9000;Femme;7,5;Employé  de bureau;Oui;Non;Non;Non;Oui;55,58
913;5100;73;11640;Femme;31,25;Employé stagiaire;Oui;Oui;Non;Oui;Oui;55,58
784;5220;70;7860;Femme;8,5;Employé  de bureau;Non;Non;Non;Non;Oui;55,92
999;5400;95;12300;Homme;25,58;Agent de sécurité;Non;Oui;Non;Non;Oui;56
684;5100;63;8580;Femme;11,58;Employé stagiaire;Non;Non;Non;Non;Oui;56,67
894;15000;88;26000;Homme;22;Personnel vacataire;Oui;Oui;Non;Oui;Oui;56,67
1127;4080;72;6780;Femme;26,58;Employé  de bureau;Non;Oui;Non;Non;Oui;56,92
776;6000;80;8940;Homme;22,67;Employé  de bureau;Oui;Oui;Non;Non;Non;57,17
975;6000;76;8820;Homme;32,08;Employé  de bureau;Oui;Oui;Oui;Oui;Oui;57,42
1018;5400;88;9480;Homme;29,92;Employé  de bureau;Non;Oui;Non;Oui;Non;57,5
749;4080;81;6960;Femme;32,5;Employé  de bureau;Oui;Oui;Non;Non;Non;57,83
853;5520;67;8880;Femme;16,33;Employé  de bureau;Non;Non;Non;Non;Oui;57,83
1034;4200;90;7500;Femme;4,5;Employé  de bureau;Oui;Non;Non;Non;Oui;58
867;6000;85;12780;Homme;36,5;Agent de sécurité;Non;Oui;Non;Non;Oui;58,08
683;6300;70;8520;Homme;31;Employé  de bureau;Oui;Non;Non;Oui;Oui;58,5
796;7800;82;11100;Femme;22,08;Employé stagiaire;Non;Non;Non;Oui;Oui;58,75
886;4080;76;6720;Femme;6,33;Employé  de bureau;Non;Non;Non;Non;Non;59,08
1066;4080;83;7920;Femme;6,25;Employé  de bureau;Oui;Non;Non;Non;Oui;59,08
898;6300;69;11400;Homme;14,5;Agent de sécurité;Oui;Oui;Non;Oui;Oui;59,42
1036;5700;65;8280;Femme;20,08;Employé  de bureau;Non;Oui;Non;Non;Oui;59,5
679;6000;82;9000;Homme;30,92;Employé  de bureau;Non;Oui;Non;Oui;Oui;59,75
674;7500;84;13800;Femme;17,33;Employé  de bureau;Non;Oui;Non;Non;Oui;59,83
1000;4980;74;8700;Femme;26,5;Employé  de bureau;Non;Oui;Non;Non;Oui;59,83
958;6300;78;14100;Homme;32,25;Agent de sécurité;Non;Oui;Oui;Non;Oui;59,83
869;4080;82;6480;Femme;0;Employé  de bureau;Non;Non;Non;Oui;Oui;60
825;4080;66;6540;Femme;13,58;Employé  de bureau;Non;Oui;Non;Non;Oui;60,5
1096;3600;96;7680;Femme;1,92;Employé  de bureau;Non;Non;Non;Oui;Oui;60,5
1125;4800;73;8460;Femme;13,25;Employé stagiaire;Oui;Non;Non;Non;Oui;60,5
974;6420;66;10500;Homme;22;Employé  de bureau;Oui;Non;Non;Non;Oui;60,67
921;3600;97;6780;Femme;10,33;Employé  de bureau;Non;Non;Oui;Non;Non;60,67
678;6000;92;12300;Homme;36;Agent de sécurité;Oui;Non;Non;Non;Oui;60,67
713;7800;93;13560;Femme;16;Employé  de bureau;Oui;Non;Non;Non;Non;60,75
763;6600;84;11640;Femme;2,92;Employé  de bureau;Oui;Non;Non;Non;Oui;61,33
826;4080;72;7080;Femme;15,33;Employé  de bureau;Non;Oui;Non;Non;Oui;61,5
743;7500;90;12600;Femme;17,08;Employé stagiaire;Oui;Non;Non;Non;Oui;61,67
861;6300;80;12240;Homme;38,33;Agent de sécurité;Oui;Non;Non;Oui;Non;61,67
1035;6300;78;9600;Homme;39,67;Employé  de bureau;Non;Non;Non;Oui;Oui;61,75
995;3900;86;7260;Femme;6;Employé  de bureau;Non;Oui;Oui;Non;Oui;62
664;5280;88;8040;Femme;7,5;Employé  de bureau;Oui;Oui;Non;Non;Oui;62,08
969;4080;68;6480;Femme;15;Employé  de bureau;Non;Oui;Oui;Oui;Oui;62,33
1083;4080;84;6600;Femme;24;Employé  de bureau;Oui;Non;Non;Non;Oui;62,42
1107;3900;88;6660;Femme;34,33;Employé  de bureau;Non;Non;Non;Oui;Oui;62,5
917;5400;94;10020;Homme;37;Employé  de bureau;Non;Non;Non;Non;Oui;63
953;4620;91;8400;Femme;9;Employé  de bureau;Non;Non;Non;Oui;Oui;63,25
761;6000;84;12300;Homme;31,67;Agent de sécurité;Oui;Oui;Non;Non;Non;63,42
933;6300;74;12780;Homme;34;Agent de sécurité;Non;Oui;Non;Oui;Oui;63,5
791;6300;69;12000;Homme;29;Agent de sécurité;Non;Non;Non;Non;Oui;63,58
1016;5400;86;10680;Homme;30,58;Employé  de bureau;Oui;Oui;Non;Non;Oui;63,75
739;6300;78;12300;Homme;35,75;Agent de sécurité;Oui;Oui;Non;Non;Oui;63,75
748;4080;70;6300;Femme;22,92;Employé  de bureau;Non;Oui;Non;Non;Oui;63,83
897;6300;65;9780;Homme;28,17;Employé  de bureau;Oui;Oui;Non;Non;Oui;63,92
864;5400;66;8640;Femme;19;Employé  de bureau;Oui;Non;Non;Non;Oui;64,25
1025;6000;87;12300;Homme;37,58;Agent de sécurité;Oui;Non;Non;Oui;Non;64,25
631;4800;98;8580;Femme;31,75;Employé  de bureau;Oui;Oui;Non;Oui;Non;64,5
